<config>
	<!-- Currency -->
	<set xpath="/items/item[@name='oldCash']/property[@name='Stacknumber']/@value">15000</set>
	<set xpath="/items/item[@name='casinoCoin']/property[@name='Stacknumber']/@value">30000</set>
	<set xpath="/items/item[@name='resourceSilverNugget']/property[@name='Stacknumber']/@value">500</set>
	<!-- Drinks -->
	<set xpath="/items/item[@name='drinkJarRiverWater']/property[@name='Stacknumber']/@value">50</set>
	<set xpath="/items/item[@name='drinkJarBoiledWater']/property[@name='Stacknumber']/@value">50</set>
	<set xpath="/items/item[@name='drinkJarEmpty']/property[@name='Stacknumber']/@value">50</set>
	<set xpath="/items/item[@name='drinkJarPureMineralWater']/property[@name='Stacknumber']/@value">50</set>
	<set xpath="/items/item[@name='drinkJarYuccaJuice']/property[@name='Stacknumber']/@value">50</set>
	<set xpath="/items/item[@name='drinkJarGoldenRodTea']/property[@name='Stacknumber']/@value">50</set>
	<set xpath="/items/item[@name='drinkJarRedTea']/property[@name='Stacknumber']/@value">50</set>
	<set xpath="/items/item[@name='drinkYuccaJuiceSmoothie']/property[@name='Stacknumber']/@value">50</set>
	<set xpath="/items/item[@name='drinkJarCoffee']/property[@name='Stacknumber']/@value">50</set>
	<set xpath="/items/item[@name='drinkJarBeer']/property[@name='Stacknumber']/@value">50</set>10
	<set xpath="/items/item[@name='drinkJarGrandpasMoonshine']/property[@name='Stacknumber']/@value">25</set>
	<set xpath="/items/item[@name='drinkJarGrandpasAwesomeSauce']/property[@name='Stacknumber']/@value">25</set>
	<set xpath="/items/item[@name='drinkJarGrandpasLearningElixir']/property[@name='Stacknumber']/@value">25</set>
	<set xpath="/items/item[@name='drinkJarGrandpasForgettingElixir']/property[@name='Stacknumber']/@value">25</set>
	<remove xpath="/items/item[@name='foodAtomicSmoothie']"/>
	<remove xpath="/items/item[@name='foodFrostbiteSmoothie']"/>
	<remove xpath="/items/item[@name='foodOasisSmoothie']"/>
	<remove xpath="/items/item[@name='foodBurntSmoothie']"/>
	<append xpath="/items">
		<item name="foodAtomicSmoothie">
			<property name="Tags" value="food,foodSkill,farmerFoodBonus"/>
			<property name="CustomIcon" value="falloutFlush"/>
			<property name="HoldType" value="86"/>
			<property name="DisplayType" value="drugHazardReducer"/>
			<property name="Meshfile" value="@:Other/Items/Health/syringeMedical_01Prefab.prefab"/>
			<property name="DropMeshfile" value="@:Other/Items/Misc/sack_droppedPrefab.prefab"/>
			<property name="Material" value="Mglass"/>
			<property name="Stacknumber" value="25"/> <!-- STK food -->
			<property name="EconomicValue" value="1000"/>
			<property name="Group" value="Food/Cooking,CFFood/Cooking"/>
			<property name="SoundPickup" value="steroids_grab"/>
			<property name="SoundPlace" value="steroids_place"/>
			<property class="Action0">
				<property name="Class" value="Eat"/>
				<property name="Delay" value="1.0"/>
				<property name="Sound_start" value="player_syringe"/>
				<property name="Create_item" value="drinkJarEmpty"/>
				<property name="Use_jar_refund" value="true"/>
			</property>

			<effect_group tiered="false">
				<display_value name="dRunSpeed" value=".1"/>
			</effect_group>

			<effect_group tiered="false" name="Hazard Reducer">
					<triggered_effect trigger="onSelfPrimaryActionEnd" action="ModifyCVar" cvar="foodHealthAmount" operation="add" value="10"/>

					<display_value name="dDuration" value="300"/>
					<triggered_effect trigger="onSelfPrimaryActionEnd" action="ModifyCVar" cvar="$WastelandHazardTimer" operation="add" value="300">
						<requirement name="CVarCompare" cvar="$BiomeProgressionOn" operation="EQ" value="1"/>
						<requirement name="WornItems" tags="biomeBadge4" operation="EQ" value="0"/></triggered_effect>
					<triggered_effect trigger="onSelfPrimaryActionEnd" action="ModifyCVar" cvar="$WastelandHazardTimer" operation="set" value="900">
						<requirement name="CVarCompare" cvar="$WastelandHazardTimer" operation="GT" value="900"/></triggered_effect>
					<triggered_effect trigger="onSelfPrimaryActionEnd" action="AddBuff" buff="buffProcessConsumables"/>
					<triggered_effect trigger="onSelfPrimaryActionEnd" action="AddBuff" buff="buffWasteland_Hazard_Over">
						<requirement name="CVarCompare" cvar="$BiomeProgressionOn" operation="EQ" value="1"/>
						<requirement name="WornItems" tags="biomeBadge4" operation="EQ" value="0"/></triggered_effect>
			</effect_group>

			<effect_group tiered="false">
				<!-- Setup run speed boost if not using buffWasteland_Hazard_Over -->
				<requirement name="!HasBuff" buff="buffWasteland_Hazard_Over"/>
				<requirement name="WornItems" tags="biomeBadge4" operation="GTE" value="1"/>
					<triggered_effect trigger="onSelfPrimaryActionEnd" action="ModifyCVar" cvar="$buffAtomicSmoothieRunDuration" operation="add" value="303"/>
					<triggered_effect trigger="onSelfPrimaryActionEnd" action="ModifyCVar" cvar="$buffAtomicSmoothieRunDuration" operation="set" value="909">
						<requirement name="CVarCompare" cvar="$buffAtomicSmoothieRunDuration" operation="GT" value="909"/></triggered_effect>
					<triggered_effect trigger="onSelfPrimaryActionEnd" action="AddBuff" buff="buffAtomicSmoothieRun"/>
			</effect_group>
		</item>
		<item name="foodFrostbiteSmoothie">
			<property name="Tags" value="food,foodSkill,farmerFoodBonus"/>
			<property name="CustomIcon" value="scorcherStew"/>
			<property name="HoldType" value="31"/>
			<property name="DisplayType" value="foodSmoothie"/>
			<property name="Meshfile" value="@:Other/Items/Food/foodPotPrefab.prefab"/>
			<property name="DropMeshfile" value="@:Other/Items/Misc/sack_droppedPrefab.prefab"/>
			<property name="Material" value="Mglass"/>
			<property name="Stacknumber" value="25"/> <!-- STK food -->
			<property name="EconomicValue" value="1000"/>
			<property name="Group" value="Food/Cooking,CFFood/Cooking"/>
			<property name="SoundPickup" value="food_bowl1_grab"/>
			<property name="SoundPlace" value="food_bowl1_place"/>
			<property class="Action0">
				<property name="Class" value="Eat"/>
				<property name="Delay" value="1.0"/>
				<property name="Sound_start" value="player_drinking"/>
				<property name="Create_item" value="drinkJarEmpty"/>
				<property name="Use_jar_refund" value="true"/>
			</property>

			<effect_group tiered="false">
				<display_value name="dRunSpeed" value=".1"/>
			</effect_group>

			<effect_group tiered="false" name="Hazard Reducer">
				<requirement name="!HasBuff" buff="buffIsOnFire"/>

					<triggered_effect trigger="onSelfPrimaryActionEnd" action="ModifyCVar" cvar="$foodAmountAdd" operation="add" value="30"/>
					<triggered_effect trigger="onSelfPrimaryActionEnd" action="ModifyCVar" cvar="foodHealthAmount" operation="add" value="15"/>
					<triggered_effect trigger="onSelfPrimaryActionEnd" action="ModifyCVar" cvar="foodHealthFarmer" operation="set" value="15">
						<requirement name="HasBuff" buff="buffFarmerSetBonus"/></triggered_effect>
					<triggered_effect trigger="onSelfPrimaryActionEnd" action="ModifyCVar" cvar="$waterAmountAdd" operation="add" value="20"/>

					<display_value name="dDuration" value="300"/>
					<triggered_effect trigger="onSelfPrimaryActionEnd" action="ModifyCVar" cvar="$SnowHazardTimer" operation="add" value="300">
						<requirement name="CVarCompare" cvar="$BiomeProgressionOn" operation="EQ" value="1"/>
						<requirement name="WornItems" tags="biomeBadge3" operation="EQ" value="0"/></triggered_effect>
					<triggered_effect trigger="onSelfPrimaryActionEnd" action="ModifyCVar" cvar="$SnowHazardTimer" operation="set" value="900">
						<requirement name="CVarCompare" cvar="$SnowHazardTimer" operation="GT" value="900"/></triggered_effect>
					<triggered_effect trigger="onSelfPrimaryActionEnd" action="AddBuff" buff="buffProcessConsumables"/>
					<triggered_effect trigger="onSelfPrimaryActionEnd" action="AddBuff" buff="buffSnow_Hazard_Over">
						<requirement name="CVarCompare" cvar="$BiomeProgressionOn" operation="EQ" value="1"/>
						<requirement name="WornItems" tags="biomeBadge3" operation="EQ" value="0"/></triggered_effect>
			</effect_group>

			<effect_group tiered="false">
				<!-- Setup run speed boost if not using buffSnow_Hazard_Over -->
				<requirement name="!HasBuff" buff="buffIsOnFire,buffSnow_Hazard_Over"/>
				<requirement name="WornItems" tags="biomeBadge3" operation="GTE" value="1"/>
					<triggered_effect trigger="onSelfPrimaryActionEnd" action="ModifyCVar" cvar="$buffFrostbiteSmoothieRunDuration" operation="add" value="303"/>
					<triggered_effect trigger="onSelfPrimaryActionEnd" action="ModifyCVar" cvar="$buffFrostbiteSmoothieRunDuration" operation="set" value="909">
						<requirement name="CVarCompare" cvar="$buffFrostbiteSmoothieRunDuration" operation="GT" value="909"/></triggered_effect>
					<triggered_effect trigger="onSelfPrimaryActionEnd" action="AddBuff" buff="buffFrostbiteSmoothieRun"/>
			</effect_group>

			<effect_group tiered="false">
				<requirement name="HasBuff" buff="buffIsOnFire"/>
					<triggered_effect trigger="onSelfPrimaryActionEnd" action="AddBuff" buff="buffExtinguishFire"/>
			</effect_group>
		</item>
		<item name="foodOasisSmoothie">
			<property name="Tags" value="food,foodSkill,farmerFoodBonus"/>
			<property name="CustomIcon" value="sunstrokeTonic"/>
			<property name="HoldType" value="3"/>
			<property name="DisplayType" value="foodSmoothie"/>
			<property name="Meshfile" value="@:Other/Items/Food/masonJarOasisSmoothiePrefab.prefab"/>
			<property name="DropMeshfile" value="@:Other/Items/Misc/sack_droppedPrefab.prefab"/>
			<property name="Material" value="Mglass"/>
			<property name="Stacknumber" value="25"/> <!-- STK food -->
			<property name="EconomicValue" value="1000"/>
			<property name="Group" value="Food/Cooking,CFFood/Cooking"/>
			<property name="SoundPickup" value="jars2_grab"/>
			<property name="SoundPlace" value="jars2_place"/>
			<property class="Action0">
				<property name="Class" value="Eat"/>
				<property name="Delay" value="4"/>
				<property name="Sound_start" value="player_drinking"/>
				<property name="Create_item" value="drinkJarEmpty"/>
				<property name="Use_jar_refund" value="true"/>
			</property>

			<effect_group tiered="false">
				<display_value name="dRunSpeed" value=".1"/>
			</effect_group>

			<effect_group tiered="false" name="Hazard Reducer">
				<requirement name="!HasBuff" buff="buffIsOnFire"/>

					<triggered_effect trigger="onSelfPrimaryActionEnd" action="ModifyCVar" cvar="$foodAmountAdd" operation="add" value="10"/>
					<triggered_effect trigger="onSelfPrimaryActionEnd" action="ModifyCVar" cvar="foodHealthAmount" operation="add" value="10"/>
					<triggered_effect trigger="onSelfPrimaryActionEnd" action="ModifyCVar" cvar="foodHealthFarmer" operation="set" value="10">
						<requirement name="HasBuff" buff="buffFarmerSetBonus"/></triggered_effect>
					<triggered_effect trigger="onSelfPrimaryActionEnd" action="ModifyCVar" cvar="$waterAmountAdd" operation="add" value="30"/>

					<display_value name="dDuration" value="300"/>
					<triggered_effect trigger="onSelfPrimaryActionEnd" action="ModifyCVar" cvar="$DesertHazardTimer" operation="add" value="300">
						<requirement name="CVarCompare" cvar="$BiomeProgressionOn" operation="EQ" value="1"/>
						<requirement name="WornItems" tags="biomeBadge2" operation="EQ" value="0"/></triggered_effect>
					<triggered_effect trigger="onSelfPrimaryActionEnd" action="ModifyCVar" cvar="$DesertHazardTimer" operation="set" value="900">
						<requirement name="CVarCompare" cvar="$DesertHazardTimer" operation="GT" value="900"/></triggered_effect>
					<triggered_effect trigger="onSelfPrimaryActionEnd" action="AddBuff" buff="buffProcessConsumables"/>
					<triggered_effect trigger="onSelfPrimaryActionEnd" action="AddBuff" buff="buffDesert_Hazard_Over">
						<requirement name="CVarCompare" cvar="$BiomeProgressionOn" operation="EQ" value="1"/>
						<requirement name="WornItems" tags="biomeBadge2" operation="EQ" value="0"/></triggered_effect>
			</effect_group>

			<effect_group tiered="false">
				<!-- Setup run speed boost if not using buffDesert_Hazard_Over -->
				<requirement name="!HasBuff" buff="buffIsOnFire,buffDesert_Hazard_Over"/>
				<requirement name="WornItems" tags="biomeBadge2" operation="GTE" value="1"/>
					<triggered_effect trigger="onSelfPrimaryActionEnd" action="ModifyCVar" cvar="$buffOasisSmoothieRunDuration" operation="add" value="303"/>
					<triggered_effect trigger="onSelfPrimaryActionEnd" action="ModifyCVar" cvar="$buffOasisSmoothieRunDuration" operation="set" value="909">
						<requirement name="CVarCompare" cvar="$buffOasisSmoothieRunDuration" operation="GT" value="909"/></triggered_effect>
					<triggered_effect trigger="onSelfPrimaryActionEnd" action="AddBuff" buff="buffOasisSmoothieRun"/>
			</effect_group>

			<effect_group tiered="false">
				<requirement name="HasBuff" buff="buffIsOnFire"/>
					<triggered_effect trigger="onSelfPrimaryActionEnd" action="AddBuff" buff="buffExtinguishFire"/>
			</effect_group>
		</item>
		<item name="foodBurntSmoothie">
	<property name="Tags" value="food,foodSkill,farmerFoodBonus"/>
	<property name="CustomIcon" value="blackLungSerum"/>
	<property name="HoldType" value="86"/>
	<property name="DisplayType" value="drugHazardReducer"/>
	<property name="Meshfile" value="@:Other/Items/Health/syringeMedical_01Prefab.prefab"/>
	<property name="DropMeshfile" value="@:Other/Items/Misc/sack_droppedPrefab.prefab"/>
	<property name="Material" value="Mglass"/>
	<property name="Stacknumber" value="25"/> <!-- STK food -->
	<property name="EconomicValue" value="1000"/>
	<property name="Group" value="Food/Cooking,CFFood/Cooking"/>
	<property name="SoundPickup" value="steroids_grab"/>
	<property name="SoundPlace" value="steroids_place"/>
	<property class="Action0">
		<property name="Class" value="Eat"/>
		<property name="Delay" value="3"/>
		<property name="Sound_start" value="player_syringe"/>
		<property name="Create_item" value="drinkJarEmpty"/>
		<property name="Use_jar_refund" value="true"/>
	</property>

	<effect_group tiered="false">
		<display_value name="dRunSpeed" value=".1"/>
	</effect_group>

	<effect_group tiered="false" name="Hazard Reducer">
			<triggered_effect trigger="onSelfPrimaryActionEnd" action="ModifyCVar" cvar="foodHealthAmount" operation="add" value="10"/>

			<display_value name="dDuration" value="300"/>
			<triggered_effect trigger="onSelfPrimaryActionEnd" action="ModifyCVar" cvar="$BurntHazardTimer" operation="add" value="300">
				<requirement name="CVarCompare" cvar="$BiomeProgressionOn" operation="EQ" value="1"/>
				<requirement name="WornItems" tags="biomeBadge1" operation="EQ" value="0"/></triggered_effect>
			<triggered_effect trigger="onSelfPrimaryActionEnd" action="ModifyCVar" cvar="$BurntHazardTimer" operation="set" value="900">
				<requirement name="CVarCompare" cvar="$BurntHazardTimer" operation="GT" value="900"/></triggered_effect>
			<triggered_effect trigger="onSelfPrimaryActionEnd" action="AddBuff" buff="buffProcessConsumables"/>
			<triggered_effect trigger="onSelfPrimaryActionEnd" action="AddBuff" buff="buffBurnt_Hazard_Over">
				<requirement name="CVarCompare" cvar="$BiomeProgressionOn" operation="EQ" value="1"/>
				<requirement name="WornItems" tags="biomeBadge1" operation="EQ" value="0"/></triggered_effect>
	</effect_group>

	<effect_group tiered="false">
		<!-- Setup run speed boost if not using buffBurnt_Hazard_Over -->
		<requirement name="!HasBuff" buff="buffBurnt_Hazard_Over"/>
		<requirement name="WornItems" tags="biomeBadge1" operation="GTE" value="1"/>
			<triggered_effect trigger="onSelfPrimaryActionEnd" action="ModifyCVar" cvar="$buffBurntSmoothieRunDuration" operation="add" value="303"/>
			<triggered_effect trigger="onSelfPrimaryActionEnd" action="ModifyCVar" cvar="$buffBurntSmoothieRunDuration" operation="set" value="909">
				<requirement name="CVarCompare" cvar="$buffBurntSmoothieRunDuration" operation="GT" value="909"/></triggered_effect>
			<triggered_effect trigger="onSelfPrimaryActionEnd" action="AddBuff" buff="buffBurntSmoothieRun"/>
	</effect_group>
</item>
	</append>

<!-- Food -->
	<set xpath="/items/item[@name='foodCanBeef']/property[@name='Stacknumber']/@value">50</set>
	<set xpath="/items/item[@name='foodCornBread']/property[@name='Stacknumber']/@value">50</set>
	<set xpath="/items/item[@name='foodShamSandwich']/property[@name='Stacknumber']/@value">50</set>
	<set xpath="/items/item[@name='foodRawMeat']/property[@name='Stacknumber']/@value">500</set>
	<set xpath="/items/item[@name='foodCharredMeat']/property[@name='Stacknumber']/@value">50</set>
	<set xpath="/items/item[@name='foodGrilledMeat']/property[@name='Stacknumber']/@value">50</set>
	<set xpath="/items/item[@name='foodBoiledMeat']/property[@name='Stacknumber']/@value">50</set>
	<set xpath="/items/item[@name='foodMeatStew']/property[@name='Stacknumber']/@value">30</set>
	<set xpath="/items/item[@name='foodSteakAndPotato']/property[@name='Stacknumber']/@value">30</set>
	<set xpath="/items/item[@name='foodHoboStew']/property[@name='Stacknumber']/@value">30</set>
	<set xpath="/items/item[@name='foodFishTacos']/property[@name='Stacknumber']/@value">30</set>
	<set xpath="/items/item[@name='foodBakedPotato']/property[@name='Stacknumber']/@value">30</set>
	<set xpath="/items/item[@name='foodBlueberryPie']/property[@name='Stacknumber']/@value">30</set>
	<set xpath="/items/item[@name='foodCornOnTheCob']/property[@name='Stacknumber']/@value">30</set>
	<set xpath="/items/item[@name='foodPumpkinPie']/property[@name='Stacknumber']/@value">30</set>
	<set xpath="/items/item[@name='foodPumpkinCheesecake']/property[@name='Stacknumber']/@value">30</set>
	<set xpath="/items/item[@name='foodPumpkinBread']/property[@name='Stacknumber']/@value">30</set>
	<set xpath="/items/item[@name='foodShepardsPie']/property[@name='Stacknumber']/@value">30</set>
	<set xpath="/items/item[@name='foodGumboStew']/property[@name='Stacknumber']/@value">30</set>
	<set xpath="/items/item[@name='foodSpaghetti']/property[@name='Stacknumber']/@value">30</set>
	<set xpath="/items/item[@name='foodBaconAndEggs']/property[@name='Stacknumber']/@value">30</set>
	<set xpath="/items/item[@name='foodVegetableStew']/property[@name='Stacknumber']/@value">30</set>
	<set xpath="/items/item[@name='foodRottingFlesh']/property[@name='Stacknumber']/@value">750</set>
	<set xpath="/items/item[@name='foodCropBlueberries']/property[@name='Stacknumber']/@value">250</set>
	<set xpath="/items/item[@name='foodCropCorn']/property[@name='Stacknumber']/@value">250</set>
	<set xpath="/items/item[@name='foodCropGraceCorn']/property[@name='Stacknumber']/@value">250</set>
	<set xpath="/items/item[@name='foodCropPotato']/property[@name='Stacknumber']/@value">250</set>
	<set xpath="/items/item[@name='foodCropMushrooms']/property[@name='Stacknumber']/@value">250</set>
	<set xpath="/items/item[@name='foodCropYuccaFruit']/property[@name='Stacknumber']/@value">250</set>
	<set xpath="/items/item[@name='foodCropPumpkin']/property[@name='Stacknumber']/@value">250</set>
	<set xpath="/items/item[@name='foodTunaFishGravyToast']/property[@name='Stacknumber']/@value">30</set>		
	<set xpath="/items/item[@name='foodEggBoiled']/property[@name='Stacknumber']/@value">50</set>
	<set xpath="/items/item[@name='foodEgg']/property[@name='Stacknumber']/@value">500</set>	
	<set xpath="/items/item[@name='foodCornMeal']/property[@name='Stacknumber']/@value">750</set>
	<set xpath="/items/item[@name='foodCropMushroomsRadiated']/property[@name='Stacknumber']/@value">250</set>	

<!-- Medical Items -->
	<set xpath="/items/item[@name='foodHoney']/property[@name='Stacknumber']/@value">30</set>
	<set xpath="/items/item[@name='medicalAloeCream']/property[@name='Stacknumber']/@value">50</set>
	<set xpath="/items/item[@name='medicalFirstAidBandage']/property[@name='Stacknumber']/@value">25</set>
	<set xpath="/items/item[@name='medicalFirstAidKit']/property[@name='Stacknumber']/@value">25</set>
	<set xpath="/items/item[@name='medicalBandage']/property[@name='Stacknumber']/@value">25</set>
	<set xpath="/items/item[@name='medicalSplint']/property[@name='Stacknumber']/@value">25</set>
	<set xpath="/items/item[@name='medicalBloodBag']/property[@name='Stacknumber']/@value">50</set>
	<set xpath="/items/item[@name='resourceTestosteroneExtract']/property[@name='Stacknumber']/@value">100</set>
	<set xpath="/items/item[@name='drugVitamins']/property[@name='Stacknumber']/@value">50</set>
	<set xpath="/items/item[@name='drugPainkillers']/property[@name='Stacknumber']/@value">50</set>
	<set xpath="/items/item[@name='drugHerbalAntibiotics']/property[@name='Stacknumber']/@value">50</set>
	<set xpath="/items/item[@name='drugAntibiotics']/property[@name='Stacknumber']/@value">50</set>
	<set xpath="/items/item[@name='drugRecog']/property[@name='Stacknumber']/@value">50</set>
	<set xpath="/items/item[@name='drugAtomJunkies']/property[@name='Stacknumber']/@value">50</set>
	
<!-- Ammo -->
	<set xpath="/items/item[@name='ammo9mmBulletBall']/property[@name='Stacknumber']/@value">1000</set>
	<set xpath="/items/item[@name='ammo762mmBulletBall']/property[@name='Stacknumber']/@value">1000</set>
	<set xpath="/items/item[@name='ammoShotgunShell']/property[@name='Stacknumber']/@value">1000</set>
	<set xpath="/items/item[@name='ammoShotgunSlug']/property[@name='Stacknumber']/@value">1000</set>
	<set xpath="/items/item[@name='ammoShotgunBreachingSlug']/property[@name='Stacknumber']/@value">1000</set>
	<set xpath="/items/item[@name='ammoRocketHE']/property[@name='Stacknumber']/@value">100</set>
	<set xpath="/items/item[@name='ammoGasCan']/property[@name='Stacknumber']/@value">10000</set>
	<set xpath="/items/item[@name='ammoArrowStone']/property[@name='Stacknumber']/@value">1000</set>
	<set xpath="/items/item[@name='ammoArrowExploding']/property[@name='Stacknumber']/@value">1000</set>
	<set xpath="/items/item[@name='ammoCrossbowBoltStone']/property[@name='Stacknumber']/@value">1000</set>
	<set xpath="/items/item[@name='ammoCrossbowBoltIron']/property[@name='Stacknumber']/@value">1000</set>
	<set xpath="/items/item[@name='ammoCrossbowBoltExploding']/property[@name='Stacknumber']/@value">1000</set>
	<set xpath="/items/item[@name='thrownAmmoPipeBomb']/property[@name='Stacknumber']/@value">100</set>
	<set xpath="/items/item[@name='thrownGrenadeContact']/property[@name='Stacknumber']/@value">100</set>
	<set xpath="/items/item[@name='thrownTimedCharge']/property[@name='Stacknumber']/@value">100</set>
	<set xpath="/items/item[@name='thrownDynamite']/property[@name='Stacknumber']/@value">100</set>
	<set xpath="/items/item[@name='thrownAmmoMolotovCocktail']/property[@name='Stacknumber']/@value">100</set>
	<set xpath="/items/item[@name='resourceBuckshot']/property[@name='Stacknumber']/@value">1000</set>
	<set xpath="/items/item[@name='resourceArrowHeadIron']/property[@name='Stacknumber']/@value">1000</set>
	<set xpath="/items/item[@name='resourceArrowHeadSteelAP']/property[@name='Stacknumber']/@value">1000</set>
	<set xpath="/items/item[@name='resourceBulletCasing']/property[@name='Stacknumber']/@value">1000</set>
	<set xpath="/items/item[@name='resourceBulletTip']/property[@name='Stacknumber']/@value">1000</set>
	<set xpath="/items/item[@name='ammoJunkTurretRegular']/property[@name='Stacknumber']/@value">1000</set>
	<set xpath="/items/item[@name='ammoDartIron']/property[@name='Stacknumber']/@value">1000</set>

<!-- Resources -->
	<set xpath="/items/item[@name='resourceSnowBall']/property[@name='Stacknumber']/@value">10000</set>
	<set xpath="/items/item[@name='resourceFeather']/property[@name='Stacknumber']/@value">1000</set>
	<set xpath="/items/item[@name='resourceYuccaFibers']/property[@name='Stacknumber']/@value">10000</set>
	<set xpath="/items/item[@name='resourceWood']/property[@name='Stacknumber']/@value">10000</set>
	<set xpath="/items/item[@name='resourceCrushedSand']/property[@name='Stacknumber']/@value">10000</set>
	<set xpath="/items/item[@name='resourceBrokenGlass']/property[@name='Stacknumber']/@value">10000</set>
	<set xpath="/items/item[@name='resourceScrapIron']/property[@name='Stacknumber']/@value">10000</set>
	<set xpath="/items/item[@name='resourceOilShale']/property[@name='Stacknumber']/@value">10000</set>
	<set xpath="/items/item[@name='resourceBone']/property[@name='Stacknumber']/@value">5000</set>
	<set xpath="/items/item[@name='resourcePaint']/property[@name='Stacknumber']/@value">5000</set>
	<set xpath="/items/item[@name='resourceAnimalFat']/property[@name='Stacknumber']/@value">500</set>
	<set xpath="/items/item[@name='resourceRadiator']/property[@name='Stacknumber']/@value">100</set>
	<set xpath="/items/item[@name='resourceAcid']/property[@name='Stacknumber']/@value">100</set>
	<set xpath="/items/item[@name='resourceForgedIron']/property[@name='Stacknumber']/@value">1000</set>
	<set xpath="/items/item[@name='resourceForgedSteel']/property[@name='Stacknumber']/@value">1000</set>
	<set xpath="/items/item[@name='resourceScrapBrass']/property[@name='Stacknumber']/@value">10000</set>
	<set xpath="/items/item[@name='resourceScrapLead']/property[@name='Stacknumber']/@value">10000</set>
	<set xpath="/items/item[@name='resourceRockSmall']/property[@name='Stacknumber']/@value">10000</set>
	<set xpath="/items/item[@name='resourceClayLump']/property[@name='Stacknumber']/@value">10000</set>
	<set xpath="/items/item[@name='resourceLeather']/property[@name='Stacknumber']/@value">1000</set>
	<set xpath="/items/item[@name='resourceCloth']/property[@name='Stacknumber']/@value">1000</set>
	<set xpath="/items/item[@name='resourcePaper']/property[@name='Stacknumber']/@value">1000</set>
    <set xpath="/items/item[@name='resourceCoal']/property[@name='Stacknumber']/@value">10000</set>
	<set xpath="/items/item[@name='resourcePotassiumNitratePowder']/property[@name='Stacknumber']/@value">10000</set>
	<set xpath="/items/item[@name='resourceDoorKnob']/property[@name='Stacknumber']/@value">500</set>
	<set xpath="/items/item[@name='resourceCandleStick']/property[@name='Stacknumber']/@value">500</set>
	<set xpath="/items/item[@name='resourceFishingWeight']/property[@name='Stacknumber']/@value">500</set>
	<set xpath="/items/item[@name='resourceTrophy1']/property[@name='Stacknumber']/@value">500</set>
	<set xpath="/items/item[@name='resourceTrophy2']/property[@name='Stacknumber']/@value">500</set>
	<set xpath="/items/item[@name='resourceMetalPipe']/property[@name='Stacknumber']/@value">500</set>
	<set xpath="/items/item[@name='resourceScrapPolymers']/property[@name='Stacknumber']/@value">5000</set>
	<set xpath="/items/item[@name='resourceCobblestones']/property[@name='Stacknumber']/@value">10000</set>
	<set xpath="/items/item[@name='resourceCement']/property[@name='Stacknumber']/@value">10000</set>
	<set xpath="/items/item[@name='resourceConcreteMix']/property[@name='Stacknumber']/@value">10000</set>
	<set xpath="/items/item[@name='resourceGunPowder']/property[@name='Stacknumber']/@value">10000</set>
	<set xpath="/items/item[@name='resourceElectricParts']/property[@name='Stacknumber']/@value">5000</set>
	<set xpath="/items/item[@name='resourceMechanicalParts']/property[@name='Stacknumber']/@value">5000</set>
	<set xpath="/items/item[@name='resourceNail']/property[@name='Stacknumber']/@value">5000</set>
	<set xpath="/items/item[@name='resourceCropCoffeeBeans']/property[@name='Stacknumber']/@value">250</set>
		
<!-- Misc -->
	<set xpath="/items/item[@name='resourceSewingKit']/property[@name='Stacknumber']/@value">100</set>
	<set xpath="/items/item[@name='resourceScopeLens']/property[@name='Stacknumber']/@value">100</set>
	<set xpath="/items/item[@name='resourceRocketCasing']/property[@name='Stacknumber']/@value">500</set>
	<set xpath="/items/item[@name='resourceOil']/property[@name='Stacknumber']/@value">100</set>
	<set xpath="/items/item[@name='toolCookingPot']/property[@name='Stacknumber']/@value">10</set>
	<set xpath="/items/item[@name='toolCookingGrill']/property[@name='Stacknumber']/@value">10</set>
	<set xpath="/items/item[@name='toolBeaker']/property[@name='Stacknumber']/@value">10</set>
	<set xpath="/items/item[@name='resourceRepairKit']/property[@name='Stacknumber']/@value">50</set>
	<set xpath="/items/item[@name='resourceArmorCraftingKit']/property[@name='Stacknumber']/@value">50</set>
	<set xpath="/items/item[@name='resourceLegendaryParts']/property[@name='Stacknumber']/@value">100</set>
	<set xpath="/items/item[@name='resourceHeadlight']/property[@name='Stacknumber']/@value">100</set>
	<set xpath="/items/item[@name='resourceGlue']/property[@name='Stacknumber']/@value">1000</set>
	<set xpath="/items/item[@name='resourceDuctTape']/property[@name='Stacknumber']/@value">1000</set>
	<set xpath="/items/item[@name='resourceSpring']/property[@name='Stacknumber']/@value">1000</set>
	<set xpath="/items/item[@name='resourceLockPick']/property[@name='Stacknumber']/@value">100</set>
	<set xpath="/items/item[@name='meleeToolFlashlight02']/property[@name='Stacknumber']/@value">10</set>
	<set xpath="/items/item[@name='meleeToolWireTool']/property[@name='Stacknumber']/@value">1</set>
	<set xpath="/items/item[@name='meleeToolPaintTool']/property[@name='Stacknumber']/@value">1</set>
	<set xpath="/items/item[@name='toolBellows']/property[@name='Stacknumber']/@value">10</set>
	<set xpath="/items/item[@name='toolAnvil']/property[@name='Stacknumber']/@value">10</set>
	<set xpath="/items/item[@name='toolForgeCrucible']/property[@name='Stacknumber']/@value">10</set>
	<set xpath="/items/item[@name='smallEngine']/property[@name='Stacknumber']/@value">10</set>
	<set xpath="/items/item[@name='bucketEmpty']/property[@name='Stacknumber']/@value">10</set>
	<set xpath="/items/item[@name='bucketRiverWater']/property[@name='Stacknumber']/@value">10</set>
	<set xpath="/items/item[@name='schematicMaster']/property[@name='Stacknumber']/@value">20</set>

	<!-- Resource Bundles -->	
	<append xpath="/items/item[@name='resourceCoalBundle']">
		<property name="Stacknumber" value="10"/>
		<property class="Action0">
		<property name="Create_item_count" value="10000"/>
		</property>
	</append>
	<append xpath="/items/item[@name='resourceLeadBundle']">
		<property name="Stacknumber" value="10"/>
		<property class="Action0">
			<property name="Create_item_count" value="10000"/>
		</property>
		</append>
		<append xpath="/items/item[@name='resourceOilShaleBundle']">
		<property name="Stacknumber" value="10"/>
		<property class="Action0">
			<property name="Create_item_count" value="10000"/>
		</property>
	</append>
	<append xpath="/items/item[@name='resourcePotassiumNitratePowderBundle']">
		<property name="Stacknumber" value="10"/>
		<property class="Action0">
			<property name="Create_item_count" value="10000"/>
		</property>
	</append>
	<append xpath="/items/item[@name='resourceRockSmallBundle']">
		<property name="Stacknumber" value="10"/>
		<property class="Action0">
			<property name="Create_item_count" value="10000"/>
		</property>
	</append>
	<append xpath="/items/item[@name='resourceScrapIronBundle']">
		<property name="Stacknumber" value="10"/>
		<property class="Action0">
			<property name="Create_item_count" value="10000"/>
		</property>
	</append>
	<append xpath="/items/item[@name='resourceWoodBundle']">
		<property name="Stacknumber" value="10"/>
		<property class="Action0">
			<property name="Create_item_count" value="10000"/>
		</property>
	</append>
	<append xpath="/items/item[@name='resourceLockPickBundle']">
		<property name="Stacknumber" value="10"/>
		<property class="Action0">
			<property name="Create_item_count" value="100"/>
		</property>
	</append>
	<append xpath="/items/item[@name='resourceGunPowderBundle']">
		<property name="Stacknumber" value="10"/>
		<property class="Action0">
			<property name="Create_item_count" value="10000"/>
		</property>
	</append>
	
	<!-- Ammo Bundles -->
	<append xpath="/items/item[@name='ammoBundleMaster']">
		<property name="Stacknumber" value="10"/>
		<property class="Action0">
			<property name="Create_item_count" value="1000"/>
		</property>
	</append>
    <append xpath="/items/item[@name='ammoBundle9mmBulletBall']">
		<property name="Stacknumber" value="10"/>
		<property class="Action0">
			<property name="Create_item_count" value="1000"/>
		</property>
	</append>
	<append xpath="/items/item[@name='ammoBundle9mmBulletHP']">
		<property name="Stacknumber" value="10"/>
		<property class="Action0">
			<property name="Create_item_count" value="1000"/>
		</property>
	</append>	
	    <append xpath="/items/item[@name='ammoBundle9mmBulletAP']">
		<property name="Stacknumber" value="10"/>
		<property class="Action0">
			<property name="Create_item_count" value="1000"/>
		</property>
	</append>	
	<append xpath="/items/item[@name='ammoBundle44MagnumBulletBall']">
		<property name="Stacknumber" value="10"/>
		<property class="Action0">
			<property name="Create_item_count" value="1000"/>
		</property>
	</append>	
	<append xpath="/items/item[@name='ammoBundle44MagnumBulletHP']">
		<property name="Stacknumber" value="10"/>
		<property class="Action0">
			<property name="Create_item_count" value="1000"/>
		</property>
	</append>	
	<append xpath="/items/item[@name='ammoBundle44MagnumBulletAP']">
		<property name="Stacknumber" value="10"/>
		<property class="Action0">
			<property name="Create_item_count" value="1000"/>
		</property>
	</append>	
	<append xpath="/items/item[@name='ammoBundle762mmBulletBall']">
		<property name="Stacknumber" value="10"/>
		<property class="Action0">
			<property name="Create_item_count" value="1000"/>
		</property>
	</append>	
	<append xpath="/items/item[@name='ammoBundle762mmBulletHP']">
		<property name="Stacknumber" value="10"/>
		<property class="Action0">
			<property name="Create_item_count" value="1000"/>
		</property>
	</append>	
	<append xpath="/items/item[@name='ammoBundle762mmBulletAP']">
		<property name="Stacknumber" value="10"/>
		<property class="Action0">
			<property name="Create_item_count" value="1000"/>
		</property>
    </append>
	<append xpath="/items/item[@name='ammoBundleShotgunShell']">
		<property name="Stacknumber" value="10"/>
		<property class="Action0">
			<property name="Create_item_count" value="1000"/>
		</property>
    </append>	
	<append xpath="/items/item[@name='ammoBundleShotgunSlug']">
		<property name="Stacknumber" value="10"/>
		<property class="Action0">
			<property name="Create_item_count" value="1000"/>
		</property>
    </append>	
	<append xpath="/items/item[@name='ammoBundleShotgunBreachingSlug']">
		<property name="Stacknumber" value="10"/>
		<property class="Action0">
			<property name="Create_item_count" value="1000"/>
		</property>
    </append>	
	<append xpath="/items/item[@name='ammoBundleJunkTurretRegular']">
		<property name="Stacknumber" value="10"/>
		<property class="Action0">
			<property name="Create_item_count" value="1000"/>
		</property>
    </append>	
	<append xpath="/items/item[@name='ammoBundleJunkTurretShell']">
		<property name="Stacknumber" value="10"/>
		<property class="Action0">
			<property name="Create_item_count" value="1000"/>
		</property>
	</append>
	<append xpath="/items/item[@name='ammoBundleJunkTurretAP']">
		<property name="Stacknumber" value="10"/>
		<property class="Action0">
			<property name="Create_item_count" value="1000"/>
		</property>
	</append>		
	<append xpath="/items/item[@name='ammoBundleArrowStone']">
		<property name="Stacknumber" value="10"/>
		<property class="Action0">
			<property name="Create_item_count" value="1000"/>
		</property>
	</append>	
    <append xpath="/items/item[@name='ammoBundleArrowIron']">
		<property name="Stacknumber" value="10"/>
		<property class="Action0">
			<property name="Create_item_count" value="1000"/>
		</property>
	</append>	
    <append xpath="/items/item[@name='ammoBundleArrowSteelAP']">
		<property name="Stacknumber" value="10"/>
		<property class="Action0">
			<property name="Create_item_count" value="1000"/>
		</property>
	</append>	
    <append xpath="/items/item[@name='ammoBundleArrowFlaming']">
		<property name="Stacknumber" value="10"/>
		<property class="Action0">
			<property name="Create_item_count" value="1000"/>
		</property>
	</append>	
    <append xpath="/items/item[@name='ammoBundleArrowExploding']">
		<property name="Stacknumber" value="10"/>
		<property class="Action0">
			<property name="Create_item_count" value="1000"/>
		</property>	
	</append>	
	<append xpath="/items/item[@name='ammoBundleCrossbowBoltStone']">
		<property name="Stacknumber" value="10"/>
		<property class="Action0">
			<property name="Create_item_count" value="1000"/>
		</property>
	</append>	
    <append xpath="/items/item[@name='ammoBundleCrossbowBoltIron']">
		<property name="Stacknumber" value="10"/>
		<property class="Action0">
			<property name="Create_item_count" value="1000"/>
		</property>
	</append>
    <append xpath="/items/item[@name='ammoBundleCrossbowBoltSteelAP']">
		<property name="Stacknumber" value="10"/>
		<property class="Action0">
			<property name="Create_item_count" value="1000"/>
		</property>
	</append>
    <append xpath="/items/item[@name='ammoBundleCrossbowBoltFlaming']">
		<property name="Stacknumber" value="10"/>
		<property class="Action0">
			<property name="Create_item_count" value="1000"/>
		</property>
	</append>
    <append xpath="/items/item[@name='ammoBundleCrossbowBoltExploding']">
		<property name="Stacknumber" value="10"/>
		<property class="Action0">
			<property name="Create_item_count" value="1000"/>
		</property>
	</append>
</config>