<configs>
	<!-- Resources Bundle Updated Recipes -->
	<set xpath="/recipes/recipe[@name='resourceRockSmallBundle']/ingredient[@name='resourceRockSmall']/@count">10000</set>
	<set xpath="/recipes/recipe[@name='resourceWoodBundle']/ingredient[@name='resourceWood']/@count">10000</set>
	<set xpath="/recipes/recipe[@name='resourceScrapIronBundle']/ingredient[@name='resourceScrapIron']/@count">10000</set>
	<set xpath="/recipes/recipe[@name='resourceOilShaleBundle']/ingredient[@name='resourceOilShale']/@count">10000</set>
	<set xpath="/recipes/recipe[@name='resourcePotassiumNitratePowderBundle']/ingredient[@name='resourcePotassiumNitratePowder']/@count">10000</set>
	<set xpath="/recipes/recipe[@name='resourceLeadBundle']/ingredient[@name='resourceScrapLead']/@count">10000</set>
	<set xpath="/recipes/recipe[@name='resourceCoalBundle']/ingredient[@name='resourceCoal']/@count">10000</set>
	<remove xpath="/recipes/recipe[@name='resourceLockPickBundle']"/>
	<remove xpath="/recipes/recipe[@name='resourceGunPowderBundle']"/>
	<append xpath="/recipes">
	    <recipe name="resourceLockPickBundle" count="1" craft_time="300" craft_area="workbench" tags="learnable,workbenchCrafting">
	        <ingredient name="resourceForgedIron" count="80"/>
	        <ingredient name="resourceMechanicalParts" count="80"/>
        </recipe>
		<recipe name="resourceGunPowderBundle" count="1" craft_time="1800" craft_area="chemistryStation" tags="learnable,chemStationCrafting">
	        <ingredient name="resourcePotassiumNitratePowder" count="8000"/>
	        <ingredient name="resourceCoal" count="8000"/>
        </recipe>
	</append>
<!-- Rad Mushrooms -->
    <append xpath="/recipes">
	    <recipe name="foodCropMushroomsRadiated" count="1" craft_area="campfire" craft_tool="toolCookingPot">
		<property name="UnlockedBy" value="plantedGraceCorn1Schematic"/><!-- KEEP_AS_SCHEMATIC_ONLY -->
	        <ingredient name="foodCropGraceCorn" count="10"/>
	        <ingredient name="foodCropMushrooms" count="1"/>
			<ingredient name="foodRottingFlesh" count="5"/>
        </recipe>
	</append>
<!-- Ammo Bundle Updated Recipes -->
	<remove xpath="/recipes/recipe[@name='ammoGasCanBundle']"/>
    <remove xpath="/recipes/recipe[@name='ammoBundle9mmBulletBall']"/>
	<remove xpath="/recipes/recipe[@name='ammoBundle9mmBulletHP']"/>
	<remove xpath="/recipes/recipe[@name='ammoBundle9mmBulletAP']"/>
	<remove xpath="/recipes/recipe[@name='ammoBundle44MagnumBulletBall']"/>
	<remove xpath="/recipes/recipe[@name='ammoBundle44MagnumBulletHP']"/>
	<remove xpath="/recipes/recipe[@name='ammoBundle44MagnumBulletAP']"/>
	<remove xpath="/recipes/recipe[@name='ammoBundle762mmBulletBall']"/>
	<remove xpath="/recipes/recipe[@name='ammoBundle762mmBulletHP']"/>
	<remove xpath="/recipes/recipe[@name='ammoBundle762mmBulletAP']"/>
	<remove xpath="/recipes/recipe[@name='ammoBundleShotgunShell']"/>
	<remove xpath="/recipes/recipe[@name='ammoBundleShotgunSlug']"/>
	<remove xpath="/recipes/recipe[@name='ammoBundleShotgunBreachingSlug']"/>
	<remove xpath="/recipes/recipe[@name='ammoBundleArrowFlaming']"/>
	<remove xpath="/recipes/recipe[@name='ammoBundleArrowExploding']"/>
	<remove xpath="/recipes/recipe[@name='ammoBundleArrowIron']"/>
	<remove xpath="/recipes/recipe[@name='ammoBundleArrowSteelAP']"/>
	<remove xpath="/recipes/recipe[@name='ammoBundleArrowStone']"/>
	<remove xpath="/recipes/recipe[@name='ammoBundleCrossbowBoltFlaming']"/>
	<remove xpath="/recipes/recipe[@name='ammoBundleCrossbowBoltExploding']"/>
	<remove xpath="/recipes/recipe[@name='ammoBundleCrossbowBoltIron']"/>
	<remove xpath="/recipes/recipe[@name='ammoBundleCrossbowBoltSteelAP']"/>
	<remove xpath="/recipes/recipe[@name='ammoBundleCrossbowBoltStone']"/>
	<append xpath="/recipes">
	    <recipe name="ammoGasCanBundle" count="1" craft_time="625" craft_area="chemistryStation" tags="learnable,chemStationCrafting">
	        <ingredient name="resourceOilShale" count="5000"/>
        </recipe>
        <recipe name="ammoBundle9mmBulletBall" count="1" craft_time="240" craft_area="workbench" tags="learnable,workbenchCrafting">
	        <ingredient name="resourceBulletTip" count="800"/>
	        <ingredient name="resourceGunPowder" count="800"/>
	        <ingredient name="resourceBulletCasing" count="800"/>
        </recipe>
	    <recipe name="ammoBundle9mmBulletHP" count="1" craft_time="360" craft_area="workbench" tags="learnable,workbenchCrafting">
	        <ingredient name="resourceBulletTip" count="800"/>
	        <ingredient name="resourceGunPowder" count="1600"/>
	        <ingredient name="resourceBulletCasing" count="800"/>
        </recipe>
		<recipe name="ammoBundle9mmBulletAP" count="1" craft_time="360" craft_area="workbench" tags="learnable,workbenchCrafting">
	        <ingredient name="resourceBulletTip" count="1600"/>
	        <ingredient name="resourceGunPowder" count="1600"/>
	        <ingredient name="resourceBulletCasing" count="800"/>
        </recipe>
		<recipe name="ammoBundle44MagnumBulletBall" count="1" craft_time="360" craft_area="workbench" tags="learnable,workbenchCrafting">
	        <ingredient name="resourceBulletTip" count="800"/>
	        <ingredient name="resourceGunPowder" count="1600"/>
	        <ingredient name="resourceBulletCasing" count="800"/>
        </recipe>
		<recipe name="ammoBundle44MagnumBulletHP" count="1" craft_time="360" craft_area="workbench" tags="learnable,workbenchCrafting">
	        <ingredient name="resourceBulletTip" count="1600"/>
	        <ingredient name="resourceGunPowder" count="1600"/>
	        <ingredient name="resourceBulletCasing" count="800"/>
        </recipe>
		<recipe name="ammoBundle44MagnumBulletAP" count="1" craft_time="360" craft_area="workbench" tags="learnable,workbenchCrafting">
	        <ingredient name="resourceBulletTip" count="1600"/>
	        <ingredient name="resourceGunPowder" count="2400"/>
	        <ingredient name="resourceBulletCasing" count="800"/>
        </recipe>
		<recipe name="ammoBundle762mmBulletBall" count="1" craft_time="360" craft_area="workbench" tags="learnable,workbenchCrafting">
	        <ingredient name="resourceBulletTip" count="800"/>
	        <ingredient name="resourceGunPowder" count="2400"/>
	        <ingredient name="resourceBulletCasing" count="800"/>
        </recipe>
		<recipe name="ammoBundle762mmBulletHP" count="1" craft_time="360" craft_area="workbench" tags="learnable,workbenchCrafting">
	        <ingredient name="resourceBulletTip" count="1600"/>
	        <ingredient name="resourceGunPowder" count="2400"/>
	        <ingredient name="resourceBulletCasing" count="800"/>
        </recipe>
		<recipe name="ammoBundle762mmBulletAP" count="1" craft_time="360" craft_area="workbench" tags="learnable,workbenchCrafting">
	        <ingredient name="resourceBulletTip" count="1600"/>
	        <ingredient name="resourceGunPowder" count="4000"/>
	        <ingredient name="resourceBulletCasing" count="800"/>
        </recipe>
		<recipe name="ammoBundleShotgunShell" count="1" craft_time="360" craft_area="workbench" tags="learnable,workbenchCrafting">
	        <ingredient name="resourceBulletTip" count="800"/>
	        <ingredient name="resourceGunPowder" count="3200"/>
	        <ingredient name="resourcePaper" count="800"/>
        </recipe>
		<recipe name="ammoBundleShotgunSlug" count="1" craft_time="360" craft_area="workbench" tags="learnable,workbenchCrafting">
	        <ingredient name="resourceBulletTip" count="1600"/>
	        <ingredient name="resourceGunPowder" count="4000"/>
	        <ingredient name="resourcePaper" count="800"/>
        </recipe>
		<recipe name="ammoBundleShotgunBreachingSlug" count="1" craft_time="360" craft_area="workbench" tags="learnable,workbenchCrafting">
	        <ingredient name="resourceForgedSteel" count="800"/>
			<ingredient name="resourceClayLump" count="1600"/>
	        <ingredient name="resourceGunPowder" count="3200"/>
			<ingredient name="resourceScrapPolymers" count="800"/>
        </recipe>
		<recipe name="ammoBundleArrowFlaming" count="1" craft_time="360" craft_area="workbench" tags="learnable,workbenchCrafting">
	        <ingredient name="resourceArrowHeadSteelAP" count="800"/>
			<ingredient name="resourceScrapPolymers" count="1600"/>
	        <ingredient name="resourceCloth" count="4000"/>
			<ingredient name="resourceAnimalFat" count="800"/>
        </recipe>
		<recipe name="ammoBundleArrowExploding" count="1" craft_time="360" craft_area="workbench" tags="learnable,workbenchCrafting">
	        <ingredient name="resourceArrowHeadSteelAP" count="600"/>
			<ingredient name="resourceScrapPolymers" count="1200"/>
	        <ingredient name="resourceGunPowder" count="3600"/>
			<ingredient name="resourceAnimalFat" count="800"/>
        </recipe>
		<recipe name="ammoBundleArrowIron" count="1" craft_time="360" craft_area="workbench" tags="learnable,workbenchCrafting">
	        <ingredient name="resourceArrowHeadIron" count="800"/>
		    <ingredient name="resourceWood" count="800"/>
		    <ingredient name="resourceFeather" count="800"/>
        </recipe>
		<recipe name="ammoBundleArrowSteelAP" count="1" craft_time="360" craft_area="workbench" tags="learnable,workbenchCrafting">
	        <ingredient name="resourceArrowHeadSteelAP" count="800"/>
			<ingredient name="resourceScrapPolymers" count="1600"/>
        </recipe>
		<recipe name="ammoBundleArrowStone" count="1" craft_time="360" craft_area="workbench" tags="learnable,workbenchCrafting">
	        <ingredient name="resourceRockSmall" count="800"/>
	    	<ingredient name="resourceWood" count="800"/>
		    <ingredient name="resourceFeather" count="800"/>
        </recipe>
		<recipe name="ammoBundleCrossbowBoltFlaming" count="1" craft_time="360" craft_area="workbench" tags="learnable,workbenchCrafting">
	        <ingredient name="resourceArrowHeadSteelAP" count="800"/>
	    	<ingredient name="resourceScrapPolymers" count="1600"/>
		    <ingredient name="resourceGunPowder" count="1600"/>
			<ingredient name="resourceCloth" count="4000"/>
			<ingredient name="resourceAnimalFat" count="800"/>
        </recipe>
		<recipe name="ammoBundleCrossbowBoltExploding" count="1" craft_time="360" craft_area="workbench" tags="learnable,workbenchCrafting">
	        <ingredient name="resourceArrowHeadSteelAP" count="600"/>
	    	<ingredient name="resourceScrapPolymers" count="1200"/>
		    <ingredient name="resourceGunPowder" count="4800"/>
			<ingredient name="resourceDuctTape" count="600"/>
        </recipe>
		<recipe name="ammoBundleCrossbowBoltIron" count="1" craft_time="360" craft_area="workbench" tags="learnable,workbenchCrafting">
	        <ingredient name="resourceArrowHeadIron" count="800"/>
		    <ingredient name="resourceWood" count="800"/>
		    <ingredient name="resourceFeather" count="800"/>
        </recipe>
		<recipe name="ammoBundleCrossbowBoltSteelAP" count="1" craft_time="360" craft_area="workbench" tags="learnable,workbenchCrafting">
	        <ingredient name="resourceArrowHeadSteelAP" count="800"/>
		    <ingredient name="resourceScrapPolymers" count="1600"/>
        </recipe>
		<recipe name="ammoBundleCrossbowBoltStone" count="1" craft_time="360" craft_area="workbench" tags="learnable,workbenchCrafting">
	        <ingredient name="resourceRockSmall" count="800"/>
		    <ingredient name="resourceWood" count="800"/>
		    <ingredient name="resourceFeather" count="800"/>
        </recipe>
	</append>
</configs>